source_viewport,tag,source_classes,observed_width,observed_height,font_size,font_weight,line_height,padding,gap,radius,overflow_y
1363x936,DIV,app-shell,1363,936,16px,400,24px,0px,normal,0px,visible
1363x936,HEADER,app-header,1363,98,16px,400,24px,0px,normal,0px,visible
1363x936,SECTION,HeaderGnbV8-module__NwxaWG__gnbViewport,1363,62,16px,400,24px,0px,normal,0px,visible
1363x936,NAV,HeaderGnbV8-module__NwxaWG__gnb,1920,62,16px,400,24px,0px,normal,0px,visible
1363x936,DIV,HeaderGnbV8-module__NwxaWG__brandWrap,220,62,16px,400,24px,0px,normal,0px,hidden
1363x936,A,HeaderGnbV8-module__NwxaWG__brand,220,62,16px,400,24px,0px,normal,0px,visible
1363x936,IMG,HeaderGnbV8-module__NwxaWG__brandImage,120,40,16px,400,24px,0px,normal,0px,clip
1363x936,DIV,HeaderGnbV8-module__NwxaWG__frame2,1560,62,16px,400,24px,0px,normal,0px,visible
1363x936,DIV,HeaderGnbV8-module__NwxaWG__frame1,1200,62,16px,400,24px,0px,normal,0px,visible
1363x936,DIV,HeaderGnbV8-module__NwxaWG__itemHoverZone,120,62,16px,400,24px,0px,normal,0px,visible
1363x936,A,GnbHoverLink-module__ePAc3W__gnbLink GnbHoverLink-module__ePAc3W__domestic,120,62,16px,400,24px,0px 12px,normal,0px,hidden
1363x936,SPAN,GnbHoverLink-module__ePAc3W__label,86.453,24,16px,900,24px,0px,normal,0px,visible
1363x936,A,GnbHoverLink-module__ePAc3W__gnbLink GnbHoverLink-module__ePAc3W__overseas GnbHoverLink-module__ePAc3W__isActive,120,62,16px,400,24px,0px 12px,normal,0px,hidden
1363x936,SPAN,GnbHoverLink-module__ePAc3W__badges,28,18,16px,400,24px,0px,normal,0px,visible
1363x936,EM,GnbHoverLink-module__ePAc3W__badge GnbHoverLink-module__ePAc3W__badgeNew,28,18,8px,900,8px,0px,normal,4px,hidden
1363x936,SPAN,GnbHoverLink-module__ePAc3W__badgeText,18.906,8,8px,900,8px,0px,normal,0px,visible
1363x936,A,GnbHoverLink-module__ePAc3W__gnbLink GnbHoverLink-module__ePAc3W__esports,120,62,16px,400,24px,0px 12px,normal,0px,hidden
1363x936,A,GnbHoverLink-module__ePAc3W__gnbLink GnbHoverLink-module__ePAc3W__inplay,120,62,16px,400,24px,0px 12px,normal,0px,hidden
1363x936,EM,GnbHoverLink-module__ePAc3W__badge GnbHoverLink-module__ePAc3W__badgeLive,28,18,8px,900,8px,0px,normal,4px,hidden
1363x936,A,GnbHoverLink-module__ePAc3W__gnbLink GnbHoverLink-module__ePAc3W__casino,120,62,16px,400,24px,0px 12px,normal,0px,hidden
1363x936,A,GnbHoverLink-module__ePAc3W__gnbLink GnbHoverLink-module__ePAc3W__slot,120,62,16px,400,24px,0px 12px,normal,0px,hidden
1363x936,A,GnbHoverLink-module__ePAc3W__gnbLink GnbHoverLink-module__ePAc3W__minigame,120,62,16px,400,24px,0px 12px,normal,0px,hidden
1363x936,DIV,GnbAccordionPanel-module__geZjmG__accordionLayer,120,213,16px,400,24px,0px,normal,0px,visible
1363x936,A,GnbHoverLink-module__ePAc3W__gnbLink GnbHoverLink-module__ePAc3W__virtual,120,62,16px,400,24px,0px 12px,normal,0px,hidden
1363x936,A,GnbHoverLink-module__ePAc3W__gnbLink GnbHoverLink-module__ePAc3W__bbs,120,62,16px,400,24px,0px 12px,normal,0px,hidden
1363x936,A,GnbHoverLink-module__ePAc3W__gnbLink GnbHoverLink-module__ePAc3W__scoreboard,120,62,16px,400,24px,0px 12px,normal,0px,hidden
1363x936,DIV,HeaderGnbV8-module__NwxaWG__menuUtilityGap,40,62,16px,400,24px,0px,normal,0px,visible
1363x936,DIV,HeaderGnbV8-module__NwxaWG__utility,320,62,16px,400,24px,8px,8px,0px,visible
1363x936,BUTTON,HeaderGnbV8-module__NwxaWG__authLogoutButton event-tag-badge,96,36,13px,900,13px,0px,5px,4px,hidden
1363x936,SPAN,event-tag-text,44.953,13,13px,900,13px,0px,normal,0px,visible
1363x936,DIV,header-top-bar topbar utility-subbar,1363,36,12px,400,18px,0px 18px,28px,0px,visible
1363x936,DIV,utility-notice HeaderTopBar-module__4J72Ca__utilityNotice,895.219,36,13px,500,36px,0px,8px,0px,hidden
1363x936,SPAN,HeaderTopBar-module__4J72Ca__promoMarquee,895.219,36,13px,500,36px,0px,normal,0px,hidden
1363x936,SPAN,HeaderTopBar-module__4J72Ca__promoMarqueeTrack,1318.953,36,13px,500,36px,0px 0px 0px 895.219px,8px,0px,visible
1363x936,SPAN,,423.734,36,13px,500,36px,0px,normal,0px,visible
1363x936,DIV,topbar-right utility-links HeaderTopBar-module__4J72Ca__utilityLinks,403.781,35,14px,600,21px,0px,14px,0px,visible
1363x936,BUTTON,item,64.688,35,14px,600,36px,0px,4px,0px,visible
1363x936,DIV,app-body app-body--layout-a,1363,838,16px,400,24px,7px 8px 8px,10px,0px,hidden
1363x936,ASIDE,left-sidebar hide-scrollbar,328,823,16px,400,24px,0px 4px,normal,0px,auto
1363x936,DIV,sidebar-l flex flex-col gap-2,320,1060,16px,400,24px,0px,8px,0px,visible
1363x936,NAV,left-quick-actions left-quick-actions--v2 left-quick-actions--rows,320,320,16px,400,24px,8px,3px 4px,5px,hidden
1363x936,A,left-quick-action is-account,98,43.5,12px,700,20px,0px 6px,6px,5px,hidden
1363x936,SPAN,quick-action-icon,20,20,12px,900,44px,0px,normal,4px,hidden
1363x936,A,left-quick-action is-sport,98,43.5,12px,700,20px,0px 6px,0px,5px,hidden
1363x936,A,quick-movie-card quick-movie-card--wide,200,116,16px,400,24px,0px,normal,5px,hidden
1363x936,IMG,quick-movie-video,198,114,16px,400,24px,0px,normal,0px,clip
1363x936,IMG,quick-movie-title,198,114,16px,400,24px,0px,normal,0px,clip
1363x936,A,quick-movie-card quick-movie-card--side,98,116,16px,400,24px,0px,normal,5px,hidden
1363x936,SECTION,search-card,320,102,16px,400,24px,8px,6px,5px,hidden
1363x936,FORM,search-row,302,39,16px,400,24px,0px 10px 0px 14px,9px,10px,visible
1363x936,INPUT,,251,37,12px,500,16px,0px,normal,0px,clip
1363x936,BUTTON,icon,16,16,16px,400,24px,0px,normal,0px,visible
1363x936,SECTION,sidebar-section sports-summary-section,320,307,14px,400,21px,8px,normal,5px,hidden
1363x936,H4,,302,24,14px,700,22px,0px,6px,0px,visible
1363x936,SPAN,sports-title-badge,58.094,24,10.5px,800,10.5px,0px 6px,normal,4px,hidden
1363x936,UL,sport-list,302,186,14px,400,21px,0px,4px,0px,visible
1363x936,LI,sport-tree,302,34,14px,400,21px,0px,normal,0px,visible
1363x936,BUTTON,sport-row,302,34,14px,400,19.5px,0px 8px,6px,6px,visible
1363x936,SPAN,label,260,28,13px,700,18px,0px,6px,0px,visible
1363x936,SPAN,ic-wrap,28,28,13px,700,18px,0px,normal,0px,visible
1363x936,IMG,sport-icon-img,22,22,13px,700,18px,0px,normal,0px,clip
1363x936,SPAN,sport-row-meta,18,18,14px,900,19.5px,0px,6px,0px,visible
1363x936,SPAN,count,18,18,13px,700,18px,0px,normal,0px,visible
1363x936,SECTION,section-card latest-game-section,320,307,16px,400,24px,8px,normal,5px,hidden
1363x936,H2,border-b border-[#EDEEF0] px-2 py-3 text-sm font-semibold text-[#000000],302,32,14px,700,22px,0px 0px 7px,normal 6px,0px,visible
1363x936,SPAN,latest-game-title-badge,42,24,10.5px,800,10.5px,0px 7px,normal,4px,hidden
1363x936,UL,latest-game-list flex flex-col,302,264,16px,400,24px,4px 8px 6px 9px,normal,0px,visible
1363x936,LI,border-b border-[#EDEEF0] last:border-b-0,285,51,16px,400,24px,0px,normal,0px,visible
1363x936,BUTTON,latest-game-row flex w-full items-start gap-3 px-3 py-2 text-left,285,50,16px,400,24px,9px 0px,0px 10px,0px,visible
1363x936,SPAN,inline-flex h-4 w-4 shrink-0 rounded-full bg-[#D9D9D9],8,8,12px,600,16px,0px,normal,999px,visible
1363x936,DIV,latest-game-teams min-w-0 flex-1,207,32,16px,400,24px,0px,normal,0px,visible
1363x936,P,truncate text-xs font-semibold text-[#040404],207,16,12px,600,16px,0px,normal,0px,hidden
1363x936,MAIN,center-content hide-scrollbar,695,829,16px,400,24px,6px 4px 0px,normal,0px,auto
1363x936,SECTION,mx-auto flex h-full w-full max-w-[1246px] flex-col gap-4 overflow-visible p-0,687,823,16px,400,24px,0px,16px,0px,visible
1363x936,DIV,min-h-0 flex-1 overflow-visible,687,823,16px,400,24px,0px,normal,0px,visible
1363x936,SECTION,EuropeanSportsTheme-module__rRO-Da__layoutShell,687,823,16px,400,24px,0px 0px 3px,normal,0px,visible
1363x936,DIV,section-card EuropeanSportsTheme-module__rRO-Da__layoutSurface,687,820,16px,400,24px,8px,normal,6px,visible
1363x936,DIV,EuropeanSportsTheme-module__rRO-Da__layoutGrid,669,802,16px,400,24px,0px,8px,0px,visible
1363x936,SECTION,EuropeanSportsTheme-module__rRO-Da__panel EuropeanSportsTheme-module__rRO-Da__leftPanel,330.5,802,16px,400,24px,0px,0px,8px,hidden
1363x936,SECTION,EuropeanSportsTheme-module__rRO-Da__sportBar,328.5,104,16px,400,24px,10px 10px 9px,normal,0px,visible
1363x936,UL,EuropeanSportsTheme-module__rRO-Da__sportList,308.5,84,16px,400,24px,0px,6px,0px,visible
1363x936,LI,,33.312,84,16px,400,24px,0px,normal,0px,visible
1363x936,BUTTON,EuropeanSportsTheme-module__rRO-Da__sportTab EuropeanSportsTheme-module__rRO-Da__sportTabActive,33.312,84,11px,850,16.5px,8px 4px,6px,5px,hidden
1363x936,IMG,EuropeanSportsTheme-module__rRO-Da__sportIcon,23.312,23.75,11px,850,16.5px,0px,normal,0px,clip
1363x936,SPAN,EuropeanSportsTheme-module__rRO-Da__sportCount,22.953,16,10px,900,16px,0px 5px,normal,4px,visible
1363x936,SPAN,EuropeanSportsTheme-module__rRO-Da__sportTabLabel,20.75,14.25,12px,700,14.4px,0px,normal,0px,hidden
1363x936,BUTTON,EuropeanSportsTheme-module__rRO-Da__sportTab ,33.312,84,11px,850,16.5px,8px 4px,6px,5px,hidden
1363x936,DIV,EuropeanSportsTheme-module__rRO-Da__leagueList,328.5,696,16px,400,24px,10px,0px,0px,auto
1363x936,SECTION,EuropeanSportsTheme-module__rRO-Da__leagueSection,308.5,757,16px,400,24px,0px 0px 14px,normal,0px,visible
1363x936,BUTTON,EuropeanSportsTheme-module__rRO-Da__leagueHeader,308.5,35,12px,900,18px,8px 2px 9px,normal,0px,visible
1363x936,DIV,,140.453,18,12px,900,18px,0px,8px,0px,visible
1363x936,IMG,,18,18,12px,900,18px,0px,normal,2px,clip
1363x936,DIV,EuropeanSportsTheme-module__rRO-Da__eventList,308.5,708,16px,400,24px,8px 0px 0px,8px,0px,visible
1363x936,ARTICLE,EuropeanSportsTheme-module__rRO-Da__eventCard EuropeanSportsTheme-module__rRO-Da__eventCardWithBackground EuropeanSportsTheme-module__rRO-Da__eventCardClickable EuropeanSportsTheme-module__rRO-Da__eventCardSelected,308.5,228,16px,400,24px,12px,12px,4px,hidden
1363x936,DIV,EuropeanSportsTheme-module__rRO-Da__eventMetaRow,282.5,24,16px,400,24px,0px,normal,0px,visible
1363x936,SPAN,EuropeanSportsTheme-module__rRO-Da__startTime,98.781,16.5,11px,800,16.5px,0px,normal,0px,visible
1363x936,DIV,EuropeanSportsTheme-module__rRO-Da__leagueMeta,87.734,19.5,16px,400,24px,0px,3px,0px,visible
1363x936,SPAN,EuropeanSportsTheme-module__rRO-Da__leagueName,87.734,19.5,13px,800,19.5px,0px,normal,0px,hidden
1363x936,BUTTON,EuropeanSportsTheme-module__rRO-Da__marketOpenButton ,54,24,11px,900,16.5px,0px,2px,5px,visible
1363x936,DIV,EuropeanSportsTheme-module__rRO-Da__scoreRow,282.5,38,16px,400,24px,0px,8px,0px,visible
1363x936,DIV,EuropeanSportsTheme-module__rRO-Da__team,73.25,19.5,13px,900,19.5px,0px,6px,0px,visible
1363x936,SPAN,EuropeanSportsTheme-module__rRO-Da__teamName,61.203,19.5,13px,900,19.5px,0px,normal,0px,hidden
1363x936,DIV,EuropeanSportsTheme-module__rRO-Da__scoreBox,120,30,16px,400,24px,0px,2px,0px,visible
1363x936,DIV,EuropeanSportsTheme-module__rRO-Da__scoreValue,28.234,30,16px,400,24px,0px,15px,0px,visible
1363x936,SPAN,EuropeanSportsTheme-module__rRO-Da__scoreSeparator,28.234,30,20px,900,30px,0px,normal,0px,visible
1363x936,DIV,EuropeanSportsTheme-module__rRO-Da__primaryMarkets,282.5,116,16px,400,24px,0px,4px,0px,visible
1363x936,DIV,EuropeanSportsTheme-module__rRO-Da__marketRow EuropeanSportsTheme-module__rRO-Da__marketRowTwo,282.5,36,16px,400,24px,0px,4px,0px,visible
1363x936,BUTTON,EuropeanSportsTheme-module__rRO-Da__oddsButton,139.25,36,11px,850,16.5px,0px 9px,8px,4px,hidden
1363x936,SPAN,EuropeanSportsTheme-module__rRO-Da__oddsLabel,80,18,12px,850,18px,0px,normal,0px,hidden
1363x936,SPAN,EuropeanSportsTheme-module__rRO-Da__oddsValue,31.25,21,14px,950,21px,0px,3px,0px,visible
1363x936,DIV,EuropeanSportsTheme-module__rRO-Da__marketRow EuropeanSportsTheme-module__rRO-Da__marketRowThree,282.5,36,16px,400,24px,0px,4px,0px,visible
1363x936,DIV,EuropeanSportsTheme-module__rRO-Da__marketCenter,91.5,36,16px,900,17.6px,0px,normal,4px,visible
1363x936,SPAN,EuropeanSportsTheme-module__rRO-Da__marketTitle,91.5,12.094,11px,700,12.1px,0px,normal,0px,hidden
1363x936,SPAN,EuropeanSportsTheme-module__rRO-Da__marketLine,91.5,15.391,14px,900,15.4px,0px,normal,0px,hidden
1363x936,ARTICLE,EuropeanSportsTheme-module__rRO-Da__eventCard EuropeanSportsTheme-module__rRO-Da__eventCardWithBackground EuropeanSportsTheme-module__rRO-Da__eventCardClickable,308.5,228,16px,400,24px,12px,12px,4px,hidden
1363x936,DIV,EuropeanSportsTheme-module__rRO-Da__lockedMarket,282.5,36,12px,800,18px,0px,6px,4px,visible
1363x936,SECTION,InplayRightPanel-module__eojeoq__panel hide-scrollbar,330.5,802,16px,400,24px,0px,normal,8px,hidden
1363x936,HEADER,InplayRightPanel-module__eojeoq__header,328.5,56,16px,400,24px,10px,normal,0px,visible
1363x936,DIV,InplayRightPanel-module__eojeoq__headerTop,308.5,35,16px,400,24px,0px,12px,0px,visible
1363x936,H2,InplayRightPanel-module__eojeoq__title,190.656,35,14px,800,17.5px,0px,normal,0px,visible
1363x936,P,InplayRightPanel-module__eojeoq__startTime,105.844,18,12px,700,18px,0px,normal,0px,visible
1363x936,DIV,InplayRightPanel-module__eojeoq__detailPanel,328.5,744,16px,400,24px,0px,normal,0px,visible
1363x936,DIV,InplayRightPanel-module__eojeoq__detailTabs,328.5,49,16px,400,24px,8px 10px,6px,0px,visible
1363x936,BUTTON,InplayRightPanel-module__eojeoq__detailTab InplayRightPanel-module__eojeoq__detailTabActive,56.891,32,12px,800,12px,0px 6px,normal,5px,hidden
1363x936,BUTTON,InplayRightPanel-module__eojeoq__detailTab ,56.906,32,12px,800,12px,0px 6px,normal,5px,hidden
1363x936,DIV,InplayRightPanel-module__eojeoq__marketList hide-scrollbar,328.5,694,16px,400,24px,10px 10px 16px,normal,0px,auto
1363x936,SECTION,InplayRightPanel-module__eojeoq__marketGroup,308.5,82,16px,400,24px,0px,normal,8px,hidden
1363x936,BUTTON,InplayRightPanel-module__eojeoq__marketGroupHeader,306.5,34,12px,900,18px,0px 10px,normal,0px,visible
1363x936,DIV,InplayRightPanel-module__eojeoq__marketRows,306.5,46,16px,400,24px,6px 10px,4px,0px,visible
1363x936,DIV,InplayRightPanel-module__eojeoq__marketRow InplayRightPanel-module__eojeoq__marketRowTwo,286.5,34,16px,400,24px,0px,4px,0px,visible
1363x936,BUTTON,InplayRightPanel-module__eojeoq__oddsButton,141.25,34,16px,400,24px,0px 9px,8px,4px,hidden
1363x936,SPAN,InplayRightPanel-module__eojeoq__oddsLabel,82.109,32,12px,700,12px,0px,normal,0px,hidden
1363x936,SPAN,InplayRightPanel-module__eojeoq__oddsValue,31.141,32,14px,900,14px,0px,3px,0px,visible
1363x936,BUTTON,InplayRightPanel-module__eojeoq__oddsButton InplayRightPanel-module__eojeoq__oddsButtonReverse,141.25,34,16px,400,24px,0px 9px,8px,4px,hidden
1363x936,DIV,InplayRightPanel-module__eojeoq__marketRow InplayRightPanel-module__eojeoq__marketRowThree,286.5,34,16px,400,24px,0px,4px,0px,visible
1363x936,DIV,InplayRightPanel-module__eojeoq__lineBox InplayRightPanel-module__eojeoq__lineHandicap,74,34,13px,900,13px,0px,normal,4px,visible
1363x936,DIV,InplayRightPanel-module__eojeoq__lineBox InplayRightPanel-module__eojeoq__lineTotal,74,34,13px,900,13px,0px,normal,4px,visible
1363x936,DIV,InplayRightPanel-module__eojeoq__marketRow InplayRightPanel-module__eojeoq__marketRowThreeEven,286.5,34,16px,400,24px,0px,4px,0px,visible
1363x936,ASIDE,right-sidebar hide-scrollbar,328,823,16px,400,24px,0px 4px,normal,0px,auto
1363x936,DIV,right-stack flex flex-col gap-2,320,1448.75,16px,400,24px,0px,7px,0px,visible
1363x936,DIV,right-control-panel,320,1044,16px,400,24px,0px,8px,0px,visible
1363x936,SECTION,user-card user-card-side user-home-card ,320,320,14px,400,21px,8px,normal,5px,hidden
1363x936,DIV,bet-head user-card-head,302,38,14px,400,21px,0px 6px 6px,normal,0px,hidden
1363x936,DIV,label,89.031,24,14px,400,21px,0px,6px,0px,visible
1363x936,SPAN,user-head-icon user-level-badge,42,24,10.5px,800,10.5px,0px 6px,normal,4px,hidden
1363x936,SPAN,title,41.031,16,14px,700,normal,0px,normal,0px,hidden
1363x936,BUTTON,clear,72.484,28,12px,600,24px,0px 8px,3px,7px,visible
1363x936,DIV,balance-area,302,143,14px,400,21px,0px,8px,0px,visible
1363x936,DIV,balance-row money,302,42.328,14px,400,21px,0px 10px,8px,10px,visible
1363x936,SPAN,value,26.172,18,16px,800,18px,0px,4px,0px,visible
1363x936,SPAN,unit,11.25,13,13px,700,13px,0px,normal,0px,visible
1363x936,DIV,balance-row point LeftUserCard-module__EGo6oW__convertRow,302,42.328,14px,400,21px,0px 10px,8px,10px,visible
1363x936,BUTTON,LeftUserCard-module__EGo6oW__convertButton,72,28,12px,800,12px,0px 12px,normal,7px,visible
1363x936,DIV,balance-row today-win,302,42.328,14px,400,21px,0px 10px,8px,10px,visible
1363x936,DIV,user-actions,302,121,14px,400,21px,8px 0px 0px,3px 4px,0px,visible
1363x936,BUTTON,primary,98,55,14px,600,20px,7px 4px 6px,5px,5px,hidden
1363x936,SPAN,action-icon,20,20,14px,600,0px,0px,normal,4px,visible
1363x936,BUTTON,secondary,98,55,14px,600,20px,7px 4px 6px,5px,5px,hidden
1363x936,BUTTON,,98,55,14px,600,20px,7px 4px 6px,5px,5px,hidden
1363x936,SECTION,bet-card,320,716,14px,400,21px,8px 8px 10px,8px,5px,hidden
1363x936,DIV,bet-head,302,41,14px,400,21px,0px 6px 7px,normal,0px,visible
1363x936,BUTTON,label,109.641,28,14px,400,21px,0px,6px,0px,visible
1363x936,SPAN,toggle,52,28,14px,400,21px,0px,normal,999px,hidden
1363x936,DIV,bet-limit-status,302,39,12px,600,16px,0px 10px 0px 14px,9px,10px,visible
1363x936,SPAN,bet-limit-label,75.469,16,12px,600,16px,0px,normal,0px,visible
1363x936,SPAN,bet-limit-value,26.375,16,12px,700,16px,0px,normal,0px,visible
1363x936,DIV,bet-empty,302,149,14px,400,21px,28px 12px 24px,normal,5px,visible
1363x936,DIV,icon-wrap,48,48,14px,400,21px,0px,normal,8px,visible
1363x936,DIV,msg,276,16,14px,600,16px,0px,normal,0px,visible
1363x936,DIV,sub,276,16,12px,500,16px,0px,normal,0px,visible
1363x936,DIV,bet-amount-section,302,164,14px,400,21px,9px,6px,5px,visible
1363x936,DIV,bet-input-row,282,24,14px,400,21px,0px,normal,0px,visible
1363x936,SPAN,bet-amount-badge,42,24,10.5px,800,10.5px,0px 6px,normal,4px,hidden
1363x936,BUTTON,reset,64.125,22,12px,600,16px,0px 8px,4px,5px,visible
1363x936,DIV,bet-input,282,40,14px,400,21px,0px 9px 0px 14px,4px,10px,hidden
1363x936,DIV,bet-quick,282,66,14px,400,21px,0px,4px,0px,visible
1363x936,BUTTON,max,91.344,31,13px,800,16px,0px,normal,5px,hidden
1363x936,DIV,bet-summary,302,223,14px,400,21px,9px 12px,normal,5px,visible
1363x936,DIV,bet-summary-row,276,29,12px,400,16px,0px 2px,normal 16px,0px,visible
1363x936,BUTTON,bet-cta,302,40,14px,700,21px,0px,8px,5px,hidden
1363x936,SPAN,bet-cta-inner,298,36,14px,700,21px,0px,8px,0px,visible
1363x936,SPAN,bet-cta-label,48.406,21,14px,700,21px,0px,normal,0px,visible
1363x936,SECTION,section-card right-banner-list flex flex-col gap-1,320,397.75,16px,400,24px,6px,4px,5px,hidden
1363x936,IMG,right-banner-image h-auto w-full,306,60.625,16px,400,24px,0px,normal,4px,clip
