"templateId","sport","label","planGroup","conditions","proposedScopes","implementationStatus"
"soccer.result_3way","soccer","승무패","required","기본","전체·전반·후반","pending"
"soccer.double_chance","soccer","더블찬스","required","기본","전체·전반","pending"
"soccer.draw_no_bet","soccer","무승부 환불","required","기본","전체·전반","pending"
"soccer.asian_handicap","soccer","아시안 핸디캡","required","기본","전체·전반·후반","pending"
"soccer.european_handicap","soccer","3방향 핸디캡","required","기본","전체","pending"
"soccer.total_goals","soccer","총 득점 언더·오버","required","기본","전체·전반·후반","pending"
"soccer.team_total_goals","soccer","팀 득점 언더·오버","required","기본","전체·전반·후반","pending"
"soccer.btts","soccer","양팀 득점 여부","required","기본","전체·전반·후반","pending"
"soccer.correct_score","soccer","정확한 스코어","required","다중 선택지","전체·전반","pending"
"soccer.exact_total_goals","soccer","정확한 총 득점","required","다중 선택지","전체","pending"
"soccer.goals_odd_even","soccer","총 득점 홀·짝","required","기본","전체","pending"
"soccer.half_full_result","soccer","전반·최종 결과","required","다중 선택지","전반+전체","pending"
"soccer.first_team_to_score","soccer","선제 득점 팀","required","무득점 선택지","전체","pending"
"soccer.team_clean_sheet","soccer","팀 무실점 여부","required","기본","전체","pending"
"soccer.corners_total","soccer","코너 총합","statistics","코너 지원","전체·전반·후반","pending"
"soccer.corners_handicap","soccer","코너 핸디캡","statistics","코너 지원","전체·전반","pending"
"soccer.team_corners","soccer","팀 코너 총합","statistics","코너 지원","전체","pending"
"soccer.corners_most","soccer","코너 우세 팀","statistics","코너 지원","전체","pending"
"soccer.cards_total","soccer","카드 총합","statistics","카드 집계 규칙","전체","pending"
"soccer.team_cards","soccer","팀 카드 총합","statistics","카드 집계 규칙","전체","pending"
"soccer.red_card","soccer","퇴장 발생 여부","statistics","카드 집계 규칙","전체","pending"
"soccer.first_card_team","soccer","첫 카드 팀","statistics","무카드 선택지","전체","pending"
"soccer.match_shots","soccer","전체 슈팅 총합","statistics","경기 통계 지원","전체","pending"
"soccer.team_shots","soccer","팀 슈팅 총합","statistics","팀 통계 지원","전체","pending"
"soccer.match_shots_on_target","soccer","전체 유효슈팅 총합","statistics","경기 통계 지원","전체","pending"
"soccer.team_shots_on_target","soccer","팀 유효슈팅 총합","statistics","팀 통계 지원","전체","pending"
"soccer.player_anytime_goal","soccer","선수 득점 여부","verified_roster_required","선수 명단","전체","pending"
"soccer.player_first_goal","soccer","첫 득점 선수","verified_roster_required","선수 명단·무득점","전체","pending"
"soccer.player_last_goal","soccer","마지막 득점 선수","verified_roster_required","선수 명단·무득점","전체","pending"
"soccer.player_multi_goal","soccer","선수 2골·3골 이상","verified_roster_required","선수 명단","전체","pending"
"soccer.player_assist","soccer","선수 도움","verified_roster_required","선수 명단·통계","전체","pending"
"soccer.player_shots","soccer","선수 슈팅","verified_roster_required","선수 명단·통계","전체","pending"
"soccer.player_shots_on_target","soccer","선수 유효슈팅","verified_roster_required","선수 명단·통계","전체","pending"
"soccer.player_card","soccer","선수 카드 여부","verified_roster_required","선수 명단·집계 규칙","전체","pending"
"soccer.to_qualify","soccer","다음 라운드 진출","conditional","토너먼트 대진 정보","해당 대진","pending"
"basketball.moneyline","basketball","승패","required","리그 경기 형식","전체·전반·후반·1~4쿼터","pending"
"basketball.spread","basketball","핸디캡","required","리그 경기 형식","전체·전반·후반·1~4쿼터","pending"
"basketball.total_points","basketball","총 득점 언더·오버","required","리그 경기 형식","전체·전반·후반·1~4쿼터","pending"
"basketball.team_total_points","basketball","팀 득점 언더·오버","required","팀 단위 모델","전체·전반·후반·1~4쿼터","pending"
"basketball.half_full_result","basketball","전반·최종 결과","required","다중 선택지","전반+전체","pending"
"basketball.highest_scoring_half","basketball","최다 득점 하프","required","동률 처리 명시","전체","pending"
"basketball.highest_scoring_quarter","basketball","최다 득점 쿼터","required","쿼터제·동률 처리","전체","pending"
"basketball.wire_to_wire","basketball","모든 구간 종료 시 리드","statistics","구간별 모델","전체","pending"
"basketball.player_points","basketball","선수 득점","verified_roster_required","선수 명단·모델","전체","pending"
"basketball.player_rebounds","basketball","선수 리바운드","verified_roster_required","선수 명단·모델","전체","pending"
"basketball.player_assists","basketball","선수 어시스트","verified_roster_required","선수 명단·모델","전체","pending"
"basketball.player_threes","basketball","선수 3점슛 성공","verified_roster_required","선수 명단·모델","전체","pending"
"basketball.player_pra","basketball","선수 득점+리바운드+어시스트","verified_roster_required","선수 명단·복합 통계","전체","pending"
"basketball.player_pr","basketball","선수 득점+리바운드","verified_roster_required","선수 명단·복합 통계","전체","pending"
"basketball.player_pa","basketball","선수 득점+어시스트","verified_roster_required","선수 명단·복합 통계","전체","pending"
"basketball.player_ra","basketball","선수 리바운드+어시스트","verified_roster_required","선수 명단·복합 통계","전체","pending"
"basketball.player_double_double","basketball","선수 더블더블","verified_roster_required","선수 명단·복합 통계","전체","pending"
"basketball.player_triple_double","basketball","선수 트리플더블","verified_roster_required","선수 명단·복합 통계","전체","pending"
"basketball.player_quarter_points","basketball","선수 쿼터 득점","verified_roster_required","선수 명단·출전 정보","선택 쿼터","pending"
"basketball.first_points","basketball","첫 득점 선수","verified_roster_required","선발 명단","전체","pending"
"basketball.first_field_goal","basketball","첫 필드골 선수","verified_roster_required","선발 명단","전체","pending"
"basketball.first_rebound","basketball","첫 리바운드 선수","verified_roster_required","선발 명단","전체","pending"
"basketball.first_assist","basketball","첫 어시스트 선수","verified_roster_required","선발 명단","전체","pending"
"basketball.most_player_points","basketball","최다 득점 선수","verified_roster_required","선수 명단·동률 처리","전체","pending"
"baseball.moneyline","baseball","승패","required","구간별 동점 규칙","전체·첫 3/5/7이닝","pending"
"baseball.run_line","baseball","런라인 핸디캡","required","구간 모델","전체·첫 3/5/7이닝","pending"
"baseball.total_runs","baseball","총 득점 언더·오버","required","구간 모델","전체·첫 3/5/7이닝","pending"
"baseball.team_total_runs","baseball","팀 득점 언더·오버","required","팀 단위 모델","전체·첫 5이닝","pending"
"baseball.inning_result","baseball","이닝 승무패","required","해당 이닝만 계산","1~9이닝 중 지원 구간","pending"
"baseball.inning_total","baseball","이닝 득점 언더·오버","required","구간 모델","지원 이닝","pending"
"baseball.first_inning_score","baseball","첫 이닝 득점 유무","required","0.5 O/U와 중복 제외","1이닝","pending"
"baseball.half_inning_total","baseball","초·말 득점 총합","statistics","공격 순서·구간 모델","지원 이닝 초/말","pending"
"baseball.double_result","baseball","5이닝·최종 결과","required","구간별 동점 규칙","첫 5이닝+전체","pending"
"baseball.runs_odd_even","baseball","총 득점 홀·짝","required","기본","전체","pending"
"baseball.winning_margin","baseball","승리 점수차","required","다중 선택지","전체","pending"
"baseball.first_team_to_score","baseball","선제 득점 팀","required","무득점 처리","전체","pending"
"baseball.last_team_to_score","baseball","마지막 득점 팀","required","무득점 처리","전체","pending"
"baseball.race_to_runs","baseball","지정 득점 선착","required","미달 선택지","전체","pending"
"baseball.highest_scoring_inning","baseball","최다 득점 이닝","statistics","동률·연장 처리","전체","pending"
"baseball.inning_correct_score","baseball","이닝 정확한 스코어","statistics","다중 선택지","지원 이닝","pending"
"baseball.team_most_hits","baseball","최다 안타 팀","statistics","안타 모델·동률 처리","전체","pending"
"baseball.pitcher_strikeouts","baseball","투수 탈삼진","verified_roster_required","선발투수 정보","전체","pending"
"baseball.pitcher_strikeout_matchup","baseball","투수 탈삼진 비교","verified_roster_required","선발투수 정보","전체","pending"
"baseball.batter_hits","baseball","타자 안타","verified_roster_required","선발 타순","전체","pending"
"baseball.batter_home_runs","baseball","타자 홈런","verified_roster_required","선발 타순","전체","pending"
"baseball.batter_rbi","baseball","타자 타점","verified_roster_required","선발 타순","전체","pending"
"baseball.batter_total_bases","baseball","타자 총 루타","verified_roster_required","선발 타순","전체","pending"
"baseball.batter_runs","baseball","타자 득점","verified_roster_required","선발 타순","전체","pending"
"baseball.batter_stolen_bases","baseball","타자 도루","verified_roster_required","선발 타순","전체","pending"
"ice_hockey.moneyline","ice_hockey","승패 — 연장·슛아웃 포함","required","정산 범위 명시","전체","pending"
"ice_hockey.regulation_result","ice_hockey","승무패 — 정규 60분","required","정산 범위 명시","정규시간","pending"
"ice_hockey.puck_line","ice_hockey","퍽라인 핸디캡","required","정산 범위 명시","전체","pending"
"ice_hockey.total_goals","ice_hockey","총 득점 언더·오버","required","정산 범위 명시","전체","pending"
"ice_hockey.team_total_goals","ice_hockey","팀 득점 언더·오버","required","팀 모델·정산 범위","전체","pending"
"ice_hockey.period_result","ice_hockey","피리어드 승무패","required","구간별 동점 규칙","1~3피리어드","pending"
"ice_hockey.period_handicap","ice_hockey","피리어드 핸디캡","required","구간 모델","1~3피리어드","pending"
"ice_hockey.period_total_goals","ice_hockey","피리어드 총 득점","required","구간 모델","1~3피리어드","pending"
"ice_hockey.period_team_total","ice_hockey","피리어드 팀 득점","required","구간·팀 모델","지원 피리어드","pending"
"ice_hockey.draw_no_bet","ice_hockey","정규시간 무승부 환불","required","아시안 0 중복 제외","정규시간","pending"
"ice_hockey.double_chance","ice_hockey","정규시간 더블찬스","required","3방향 결과 모델","정규시간","pending"
"ice_hockey.puck_line_3way","ice_hockey","정규시간 3방향 핸디캡","statistics","3방향 결과 모델","정규시간","pending"
"ice_hockey.total_3way","ice_hockey","정규시간 3방향 총점","statistics","미만·정확히·초과","정규시간","pending"
"ice_hockey.exact_total_goals","ice_hockey","정확한 총 득점","required","다중 선택지","정규시간","pending"
"ice_hockey.team_exact_goals","ice_hockey","정확한 팀 득점","required","다중 선택지","정규시간","pending"
"ice_hockey.goals_odd_even","ice_hockey","총 득점 홀·짝","required","정산 범위 명시","전체","pending"
"ice_hockey.team_goals_odd_even","ice_hockey","팀 득점 홀·짝","required","정산 범위 명시","전체","pending"
"ice_hockey.first_team_to_score","ice_hockey","선제 득점 팀","required","무득점 선택지","정규시간","pending"
"ice_hockey.last_team_to_score","ice_hockey","마지막 득점 팀","required","무득점 선택지","정규시간","pending"
"ice_hockey.race_to_goals","ice_hockey","지정 득점 선착","statistics","미달 선택지","정규시간","pending"
"ice_hockey.most_periods_won","ice_hockey","최다 피리어드 승리 팀","statistics","동률 처리","정규시간","pending"
"ice_hockey.highest_scoring_period","ice_hockey","최다 득점 피리어드","statistics","동률 처리","정규시간","pending"
"ice_hockey.tied_after_regulation","ice_hockey","정규시간 무승부 여부","statistics","정규시간 결과 모델","정규시간","pending"
"ice_hockey.player_anytime_goal","ice_hockey","선수 득점 여부","verified_roster_required","선수 명단·출전 정보","전체","pending"
"ice_hockey.player_first_goal","ice_hockey","첫 득점 선수","verified_roster_required","선수 명단·무득점","전체","pending"
"ice_hockey.player_last_goal","ice_hockey","마지막 득점 선수","verified_roster_required","선수 명단·무득점","전체","pending"
"ice_hockey.player_multi_goal","ice_hockey","선수 2골·3골 이상","verified_roster_required","선수 명단·모델","전체","pending"
"ice_hockey.player_period_goal","ice_hockey","선수 피리어드 득점","verified_roster_required","선수 명단·출전 정보","1~3피리어드","pending"
"ice_hockey.player_shots_on_goal","ice_hockey","선수 유효슈팅","verified_roster_required","선수 명단·통계","전체","pending"
"ice_hockey.player_points","ice_hockey","선수 포인트 — 골+도움","verified_roster_required","선수 명단·통계","전체","pending"
"ice_hockey.goalie_saves","ice_hockey","골리 세이브","verified_roster_required","선발 골리 정보","전체","pending"
