fixtureId,sport,league,profile,familyCount,marketCount,selectionCount,displayedBadgeCount,detailMarketCount,countMatches,playerMarketsPresent
record-401902644,basketball,NBA 프리시즌,standard,9,80,168,80,80,True,False
record-401881922,hockey,NHL 프리시즌,extended,23,79,192,79,79,True,False
record-401857190,basketball,WNBA,extended,9,115,238,115,115,True,False
record-401884790,soccer,분데스리가,extended,26,111,276,111,111,True,False
record-401879275,soccer,프리미어리그,extended,26,110,274,110,110,True,False
record-761815,soccer,MLS,standard,22,67,188,67,67,True,False
record-401876453,soccer,리그 1,standard,22,67,188,67,67,True,False
record-401857191,basketball,WNBA,compact,9,52,112,52,52,True,False
record-401857192,basketball,WNBA,standard,9,85,178,85,85,True,False
record-401857193,basketball,WNBA,extended,9,115,238,115,115,True,False
record-401857194,basketball,WNBA,compact,9,51,110,51,51,True,False
record-401881923,hockey,NHL 프리시즌,compact,23,52,138,52,52,True,False
record-401886427,hockey,NHL 프리시즌,extended,23,78,190,78,78,True,False
record-401878099,hockey,NHL 프리시즌,standard,23,64,162,64,64,True,False
record-401886258,hockey,NHL 프리시즌,extended,23,78,190,78,78,True,False
record-401879412,hockey,NHL 프리시즌,compact,23,51,136,51,51,True,False
record-401879652,hockey,NHL 프리시즌,standard,23,65,164,65,65,True,False
record-401879269,soccer,프리미어리그,compact,18,47,147,47,47,True,False
record-401879274,soccer,프리미어리그,standard,22,67,188,67,67,True,False
record-401878778,soccer,프리미어리그,extended,26,107,268,107,107,True,False
record-401879271,soccer,프리미어리그,standard,22,68,190,68,68,True,False
record-401879270,soccer,프리미어리그,compact,18,46,145,46,46,True,False
record-761818,soccer,MLS,standard,22,67,188,67,67,True,False
record-761819,soccer,MLS,extended,26,110,274,110,110,True,False
record-761816,soccer,MLS,extended,26,110,274,110,110,True,False
record-761817,soccer,MLS,compact,18,49,151,49,49,True,False
record-761822,soccer,MLS,standard,22,67,188,67,67,True,False
record-761820,soccer,MLS,extended,26,109,272,109,109,True,False
record-761821,soccer,MLS,compact,18,47,147,47,47,True,False
record-761823,soccer,MLS,extended,26,108,270,108,108,True,False
record-761824,soccer,MLS,compact,18,46,145,46,46,True,False
record-761826,soccer,MLS,extended,26,109,272,109,109,True,False
record-761827,soccer,MLS,compact,18,47,147,47,47,True,False
record-761825,soccer,MLS,standard,22,67,188,67,67,True,False
record-761828,soccer,MLS,standard,22,67,188,67,67,True,False
record-401884786,soccer,분데스리가,extended,26,110,274,110,110,True,False
record-401884787,soccer,분데스리가,compact,18,47,147,47,47,True,False
record-401884785,soccer,분데스리가,standard,22,67,188,67,67,True,False
record-401884784,soccer,분데스리가,compact,18,46,145,46,46,True,False
record-401884789,soccer,분데스리가,extended,26,110,274,110,110,True,False
record-401876451,soccer,리그 1,extended,26,111,276,111,111,True,False
record-401876457,soccer,리그 1,extended,26,108,270,108,108,True,False
record-401876455,soccer,리그 1,compact,18,47,147,47,47,True,False
record-401876454,soccer,리그 1,extended,26,108,270,108,108,True,False
record-401876450,soccer,리그 1,standard,22,67,188,67,67,True,False
aldebaran-r15-baseball-01,baseball,MLB,standard,15,65,156,65,65,True,False
aldebaran-r15-baseball-02,baseball,MLB,extended,14,102,262,102,102,True,False
aldebaran-r15-baseball-03,baseball,MLB,compact,13,26,74,26,26,True,False
aldebaran-r15-baseball-04,baseball,MLB,standard,16,67,190,67,67,True,False
aldebaran-r15-baseball-05,baseball,MLB,extended,15,102,234,102,102,True,False
aldebaran-r15-baseball-06,baseball,MLB,compact,11,25,70,25,25,True,False
aldebaran-r15-baseball-07,baseball,MLB,standard,15,65,156,65,65,True,False
aldebaran-r15-baseball-08,baseball,MLB,extended,15,102,234,102,102,True,False
aldebaran-r15-baseball-09,baseball,MLB,compact,13,26,74,26,26,True,False
aldebaran-r15-baseball-10,baseball,MLB,compact,13,26,74,26,26,True,False
aldebaran-r15-baseball-11,baseball,MLB,standard,16,67,190,67,67,True,False
aldebaran-r15-baseball-12,baseball,MLB,extended,15,102,234,102,102,True,False
aldebaran-r15-baseball-13,baseball,MLB,compact,14,29,110,29,29,True,False
aldebaran-r15-baseball-14,baseball,MLB,standard,15,65,156,65,65,True,False
aldebaran-r15-baseball-15,baseball,MLB,extended,15,102,234,102,102,True,False
aldebaran-r15-baseball-16,baseball,MLB,compact,13,26,74,26,26,True,False
